方法编号,方法,总能耗需求,单位交付能耗,平均剩余能量,最低剩余能量,低电量保护次数,熔断次数,TTL丢弃数据量(MB),熔断丢弃数据量(MB),最终缓存(MB)
M1,M1 Full Graph + Greedy,15331378.500000002,1137.1892346594739,75.527425,0.0,79,23748,2427.2727272727275,4090.909090909091,0.0
M2,M2 Top-K Graph + Greedy,15331369.500000002,1204.6076035714284,75.527425,0.0,77,23748,2290.909090909091,4981.818181818182,0.0
M3,M3 Full Graph + Hungarian,15331383.000000002,1144.1330597014924,75.527425,0.0,71,23748,2109.090909090909,4490.909090909091,0.0
M4,M4 Top-K Graph + Hungarian,15331369.500000002,1202.889190442225,75.527425,0.0,72,23748,2454.5454545454545,4800.0,0.0
M5,M5 NSGA-III + Full Graph + Greedy,5611714.500000001,295.3533947368422,75.69348449665347,0.0,9,8568,1000.0,0.0,0.0
M6,M6 NSGA-III + Top-K Graph + Greedy,5611743.000000001,311.7635000000001,75.69348449665347,0.0,9,8568,1000.0,1000.0,0.0
M7,M7 NSGA-III + Full Graph + Hungarian,5611719.000000001,295.35363157894744,75.69348449665347,0.0,11,8568,1000.0,0.0,0.0
M8,M8 Proposed: NSGA-III + Top-K Graph + Hungarian,5611743.000000001,311.7635000000001,75.69348449665347,0.0,9,8568,1000.0,1000.0,0.0
